IBMLTO6;000005L6;2018/12/04;Em Uso
IBMLTO6;000045L6;2018/12/04;Em Uso
IBMLTO6;000046L6;2018/12/04;Em Uso
IBMLTO6;000047L6;2018/12/04;Em Uso
IBMLTO6;000048L6;2018/12/04;Em Uso
IBMLTO6;000049L6;2018/12/04;Em Uso
IBMLTO6;000050L6;2018/12/04;Em Uso
IBMLTO6;000051L6;2018/12/04;Em Uso
IBMLTO6;000052L6;2018/12/04;Em Uso
IBMLTO6;000053L6;2018/12/04;Em Uso
IBMLTO6;000054L6;2018/12/04;Em Uso
IBMLTO6;000055L6;2018/12/04;Em Uso
IBMLTO6;000056L6;2018/12/04;Em Uso
IBMLTO6;000057L6;2018/12/04;Em Uso
IBMLTO6;000058L6;2018/12/04;Em Uso
IBMLTO6;000059L6;2018/12/04;Em Uso
IBMLTO6;000060L6;2018/12/04;Em Uso
IBMLTO6;000061L6;2018/12/04;Em Uso
IBMLTO6;000062L6;2018/12/04;Em Uso
IBMLTO6;000063L6;2018/12/04;Em Uso
IBMLTO6;000064L6;2018/12/04;Em Uso
IBMLTO6;000065L6;2018/12/04;Em Uso
IBMLTO6;000066L6;2018/12/04;Em Uso
IBMLTO6;000067L6;2018/12/04;Em Uso
IBMLTO6;000068L6;2018/12/04;Em Uso
IBMLTO6;000069L6;2018/12/04;Em Uso
IBMLTO6;000070L6;2018/12/04;Em Uso
IBMLTO6;000071L6;2018/12/04;Em Uso
IBMLTO6;000072L6;2018/12/04;Em Uso
IBMLTO6;000073L6;2018/12/04;Em Uso
IBMLTO6;000074L6;2018/12/04;Em Uso
IBMLTO6;000075L6;2018/12/04;Em Uso
IBMLTO6;000076L6;2018/12/04;Em Uso
IBMLTO6;000077L6;2018/12/04;Em Uso
IBMLTO6;000078L6;2018/12/04;Em Uso
IBMLTO6;000079L6;2018/12/04;Em Uso
IBMLTO6;000080L6;2018/12/04;Em Uso
IBMLTO6;000081L6;2018/12/04;Em Uso
IBMLTO6;000082L6;2018/12/04;Em Uso
IBMLTO6;000083L6;2018/12/04;Em Uso
IBMLTO6;000084L6;2018/12/04;Em Uso
IBMLTO6;000085L6;2018/12/04;Em Uso
IBMLTO6;000086L6;2018/12/04;Em Uso
IBMLTO6;000087L6;2018/12/04;Em Uso
IBMLTO6;000088L6;2018/12/04;Em Uso
IBMLTO6;000089L6;2018/12/04;Em Uso
IBMLTO6;000090L6;2018/12/04;Em Uso
IBMLTO6;000091L6;2018/12/04;Em Uso
IBMLTO6;000092L6;2018/12/04;Em Uso
IBMLTO6;000093L6;2018/12/04;Em Uso
IBMLTO6;000094L6;2018/12/04;Em Uso
IBMLTO6;000095L6;2018/12/04;Em Uso
IBMLTO6;000096L6;2018/12/04;Em Uso
IBMLTO6;000097L6;2018/12/04;Em Uso
IBMLTO6;000098L6;2018/12/04;Em Uso
IBMLTO6;000099L6;2018/12/04;Em Uso
IBMLTO6;000100L6;2018/12/04;Em Uso
IBMLTO6;000101L6;2018/12/04;Em Uso
IBMLTO6;000102L6;2018/12/04;Em Uso
IBMLTO6;000103L6;2018/12/04;Em Uso
IBMLTO6;000104L6;2018/12/04;Em Uso
IBMLTO6;000105L6;2018/12/04;Em Uso
IBMLTO6;000106L6;2018/12/04;Em Uso
IBMLTO6;000107L6;2018/12/04;Em Uso
IBMLTO6;000108L6;2018/12/04;Em Uso
IBMLTO6;000109L6;2018/12/04;Em Uso
IBMLTO6;000110L6;2018/12/04;Em Uso
IBMLTO6;000111L6;2018/12/04;Em Uso
IBMLTO6;000112L6;2018/12/04;Em Uso
IBMLTO6;000113L6;2018/12/04;Em Uso
IBMLTO6;000114L6;2018/12/04;Em Uso
IBMLTO6;000115L6;2018/12/04;Em Uso
IBMLTO6;000116L6;2018/12/04;Em Uso
IBMLTO6;000117L6;2018/12/04;Em Uso
IBMLTO6;000118L6;2018/12/04;Em Uso
IBMLTO6;000119L6;2018/12/04;Em Uso
IBMLTO6;000120L6;2018/12/04;Em Uso
IBMLTO6;000121L6;2018/12/04;Em Uso
IBMLTO6;000124L6;2018/12/04;Em Uso
IBMLTO6;000125L6;2018/12/04;Em Uso
IBMLTO6;000126L6;2018/12/04;Em Uso
IBMLTO6;000127L6;2018/12/04;Em Uso
IBMLTO6;000128L6;2018/12/04;Em Uso
IBMLTO6;000129L6;2018/12/04;Em Uso
IBMLTO6;000130L6;2018/12/04;Em Uso
IBMLTO6;000131L6;2018/12/04;Em Uso
IBMLTO6;000132L6;2018/12/04;Em Uso
IBMLTO6;000133L6;2018/12/04;Em Uso
IBMLTO6;000134L6;2018/12/04;Em Uso
IBMLTO6;000135L6;2018/12/04;Em Uso
IBMLTO6;000136L6;2018/12/04;Em Uso
IBMLTO6;000137L6;2018/12/04;Em Uso
IBMLTO6;000138L6;2018/12/04;Em Uso
IBMLTO6;000139L6;2018/12/04;Em Uso
IBMLTO6;000140L6;2018/12/04;Em Uso
IBMLTO6;010331L6;2018/12/04;Em Uso
IBMLTO6;010332L6;2018/12/04;Em Uso
IBMLTO6;010333L6;2018/12/04;Em Uso
IBMLTO6;010334L6;2018/12/04;Em Uso
IBMLTO6;010335L6;2018/12/04;Em Uso
IBMLTO6;010336L6;2018/12/04;Em Uso
IBMLTO6;010337L6;2018/12/04;Em Uso
IBMLTO6;010338L6;2018/12/04;Em Uso
IBMLTO6;010339L6;2018/12/04;Em Uso
IBMLTO6;010340L6;2018/12/04;Em Uso
IBMLTO6;010421L6;2018/12/04;Em Uso
IBMLTO6;010422L6;2018/12/04;Em Uso
IBMLTO6;010423L6;2018/12/04;Em Uso
IBMLTO6;010424L6;2018/12/04;Em Uso
IBMLTO6;010425L6;2018/12/04;Em Uso
IBMLTO6;010426L6;2018/12/04;Em Uso
IBMLTO6;010427L6;2018/12/04;Em Uso
IBMLTO6;010428L6;2018/12/04;Em Uso
IBMLTO6;010429L6;2018/12/04;Em Uso
IBMLTO6;010430L6;2018/12/04;Em Uso
IBMLTO6;010431L6;2018/12/04;Em Uso
IBMLTO6;010432L6;2018/12/04;Em Uso
IBMLTO6;010433L6;2018/12/04;Em Uso
IBMLTO6;010434L6;2018/12/04;Em Uso
IBMLTO6;010435L6;2018/12/04;Em Uso
IBMLTO6;L60001L6;2018/12/04;Em Uso
IBMLTO6;L60002L6;2018/12/04;Em Uso
IBMLTO6;L60003L6;2018/12/04;Em Uso
IBMLTO6;L60004L6;2018/12/04;Em Uso
IBMLTO6;L60005L6;2018/12/04;Em Uso
IBMLTO6;L60006L6;2018/12/04;Em Uso
IBMLTO6;L60007L6;2018/12/04;Em Uso
IBMLTO6;L60008L6;2018/12/04;Em Uso
IBMLTO6;L60009L6;2018/12/04;Em Uso
IBMLTO6;L60010L6;2018/12/04;Em Uso
IBMLTO6;L60011L6;2018/12/04;Em Uso
IBMLTO6;L60012L6;2018/12/04;Em Uso
IBMLTO6;L60013L6;2018/12/04;Em Uso
IBMLTO6;L60014L6;2018/12/04;Em Uso
IBMLTO6;L60015L6;2018/12/04;Em Uso
IBMLTO6;L60016L6;2018/12/04;Em Uso
IBMLTO6;L60017L6;2018/12/04;Em Uso
IBMLTO6;L60018L6;2018/12/04;Em Uso
IBMLTO6;L60019L6;2018/12/04;Em Uso
IBMLTO6;L60020L6;2018/12/04;Em Uso
IBMLTO6;L60041L6;2018/12/04;Em Uso
IBMLTO6;L60042L6;2018/12/04;Em Uso
IBMLTO6;L60043L6;2018/12/04;Em Uso
IBMLTO6;L60044L6;2018/12/04;Em Uso
IBMLTO6;L60045L6;2018/12/04;Em Uso
IBMLTO6;L60046L6;2018/12/04;Em Uso
IBMLTO6;L60047L6;2018/12/04;Em Uso
IBMLTO6;L60048L6;2018/12/04;Em Uso
IBMLTO6;L60049L6;2018/12/04;Em Uso
IBMLTO6;L60050L6;2018/12/04;Em Uso
IBMLTO6;L60051L6;2018/12/04;Em Uso
IBMLTO6;L60052L6;2018/12/04;Em Uso
IBMLTO6;L60053L6;2018/12/04;Em Uso
IBMLTO6;L60054L6;2018/12/04;Em Uso
IBMLTO6;L60055L6;2018/12/04;Em Uso
IBMLTO6;L60056L6;2018/12/04;Em Uso
IBMLTO6;L60057L6;2018/12/04;Em Uso
IBMLTO6;L60058L6;2018/12/04;Em Uso
IBMLTO6;L60059L6;2018/12/04;Em Uso
IBMLTO6;L60060L6;2018/12/04;Em Uso
IBMLTO6;L60061L6;2018/12/04;Em Uso
IBMLTO6;L60062L6;2018/12/04;Em Uso
IBMLTO6;L60063L6;2018/12/04;Em Uso
IBMLTO6;L60064L6;2018/12/04;Em Uso
IBMLTO6;L60065L6;2018/12/04;Em Uso
IBMLTO6;L60066L6;2018/12/04;Em Uso
IBMLTO6;L60067L6;2018/12/04;Em Uso
IBMLTO6;L60068L6;2018/12/04;Em Uso
IBMLTO6;L60069L6;2018/12/04;Em Uso
IBMLTO6;L60070L6;2018/12/04;Em Uso
IBMLTO6;L60071L6;2018/12/04;Em Uso
IBMLTO6;L60072L6;2018/12/04;Em Uso
IBMLTO6;L60073L6;2018/12/04;Em Uso
IBMLTO6;L60074L6;2018/12/04;Em Uso
IBMLTO6;L60075L6;2018/12/04;Em Uso
IBMLTO6;L60076L6;2018/12/04;Em Uso
IBMLTO6;L60077L6;2018/12/04;Em Uso
IBMLTO6;L60078L6;2018/12/04;Em Uso
IBMLTO6;L60079L6;2018/12/04;Em Uso
IBMLTO6;L60080L6;2018/12/04;Em Uso
IBMLTO6;L60117L6;2018/12/04;Em Uso
IBMLTO6;L60144L6;2018/12/04;Em Uso
IBMLTO6;L60146L6;2018/12/04;Em Uso
IBMLTO6;L60149L6;2018/12/04;Em Uso
IBMLTO6;L60150L6;2018/12/04;Em Uso
IBMLTO6;000576;2018/12/04;Em Uso
IBMLTO6;000577;2018/12/04;Em Uso
IBMLTO6;000578;2018/12/04;Em Uso
IBMLTO6;000579;2018/12/04;Em Uso
IBMLTO6;000580;2018/12/04;Em Uso
IBMLTO6;000581;2018/12/04;Em Uso
IBMLTO6;000582;2018/12/04;Em Uso
IBMLTO6;000583;2018/12/04;Em Uso
IBMLTO6;000584;2018/12/04;Em Uso
IBMLTO6;000585;2018/12/04;Em Uso
IBMLTO6;000586;2018/12/04;Em Uso
IBMLTO6;000587;2018/12/04;Em Uso
IBMLTO6;000588;2018/12/04;Em Uso
IBMLTO6;000589;2018/12/04;Em Uso
IBMLTO6;000590;2018/12/04;Em Uso
IBMLTO6;000591;2018/12/04;Em Uso
IBMLTO6;000592;2018/12/04;Em Uso
IBMLTO6;000593;2018/12/04;Em Uso
IBMLTO6;000594;2018/12/04;Em Uso
IBMLTO6;000595;2018/12/04;Em Uso
IBMLTO6;000596;2018/12/04;Em Uso
IBMLTO6;000597;2018/12/04;Em Uso
IBMLTO6;000598;2018/12/04;Em Uso
IBMLTO6;000599;2018/12/04;Em Uso
IBMLTO6;000600;2018/12/04;Em Uso
IBMLTO6;000601;2018/12/04;Em Uso
IBMLTO6;000602;2018/12/04;Em Uso
IBMLTO6;000603;2018/12/04;Em Uso
IBMLTO6;000604;2018/12/04;Em Uso
IBMLTO6;000605;2018/12/04;Em Uso
IBMLTO6;000606;2018/12/04;Em Uso
IBMLTO6;000607;2018/12/04;Em Uso
IBMLTO6;000608;2018/12/04;Em Uso
IBMLTO6;000609;2018/12/04;Em Uso
IBMLTO6;000610;2018/12/04;Em Uso
IBMLTO6;000611;2018/12/04;Em Uso
IBMLTO6;000612;2018/12/04;Em Uso
IBMLTO6;000613;2018/12/04;Em Uso
IBMLTO6;000614;2018/12/04;Em Uso
IBMLTO6;000615;2018/12/04;Em Uso
IBMLTO6;000616;2018/12/04;Em Uso
IBMLTO6;000617;2018/12/04;Em Uso
IBMLTO6;000618;2018/12/04;Em Uso
IBMLTO6;000619;2018/12/04;Em Uso
IBMLTO6;000620;2018/12/04;Em Uso
IBMLTO6;000621;2018/12/04;Em Uso
IBMLTO6;000622;2018/12/04;Em Uso
IBMLTO6;000623;2018/12/04;Em Uso
IBMLTO6;000624;2018/12/04;Em Uso
IBMLTO6;000625;2018/12/04;Em Uso
IBMLTO6;000626;2018/12/04;Em Uso
IBMLTO6;000627;2018/12/04;Em Uso
IBMLTO6;000628;2018/12/04;Em Uso
IBMLTO6;000629;2018/12/04;Em Uso
IBMLTO6;010436L6;2018/12/04;Disponivel
IBMLTO6;010437L6;2018/12/04;Disponivel
IBMLTO6;010438L6;2018/12/04;Disponivel
IBMLTO6;010439L6;2018/12/04;Disponivel
IBMLTO6;010440L6;2018/12/04;Disponivel
IBMLTO6;010541L6;2018/12/04;Disponivel
IBMLTO6;010542L6;2018/12/04;Disponivel
IBMLTO6;010543L6;2018/12/04;Disponivel
IBMLTO6;010544L6;2018/12/04;Disponivel
IBMLTO6;010545L6;2018/12/04;Disponivel
IBMLTO6;010546L6;2018/12/04;Disponivel
IBMLTO6;010547L6;2018/12/04;Disponivel
IBMLTO6;010548L6;2018/12/04;Disponivel
IBMLTO6;010549L6;2018/12/04;Disponivel
IBMLTO6;010550L6;2018/12/04;Disponivel
IBMLTO6;010551L6;2018/12/04;Disponivel
IBMLTO6;010552L6;2018/12/04;Disponivel
IBMLTO6;010553L6;2018/12/04;Disponivel
IBMLTO6;010554L6;2018/12/04;Disponivel
IBMLTO6;010555L6;2018/12/04;Disponivel
IBMLTO6;010556L6;2018/12/04;Disponivel
IBMLTO6;010557L6;2018/12/04;Disponivel
IBMLTO6;010558L6;2018/12/04;Disponivel
IBMLTO6;010559L6;2018/12/04;Disponivel
IBMLTO6;010560L6;2018/12/04;Disponivel
IBMLTO6;010561L6;2018/12/04;Disponivel
IBMLTO6;010562L6;2018/12/04;Disponivel
IBMLTO6;010563L6;2018/12/04;Disponivel
IBMLTO6;010564L6;2018/12/04;Disponivel
IBMLTO6;010565L6;2018/12/04;Disponivel
IBMLTO6;010566L6;2018/12/04;Disponivel
IBMLTO6;010567L6;2018/12/04;Disponivel
IBMLTO6;010568L6;2018/12/04;Disponivel
IBMLTO6;010569L6;2018/12/04;Disponivel
IBMLTO6;010570L6;2018/12/04;Disponivel
IBMLTO6;010571L6;2018/12/04;Disponivel
IBMLTO6;010572L6;2018/12/04;Disponivel
IBMLTO6;010573L6;2018/12/04;Disponivel
IBMLTO6;010574L6;2018/12/04;Disponivel
IBMLTO6;010575L6;2018/12/04;Disponivel
IBMLTO6;010576L6;2018/12/04;Disponivel
IBMLTO6;010577L6;2018/12/04;Disponivel
IBMLTO6;010578L6;2018/12/04;Disponivel
IBMLTO6;010579L6;2018/12/04;Disponivel
IBMLTO6;010580L6;2018/12/04;Disponivel
IBMLTO6;010601L6;2018/12/04;Disponivel
IBMLTO6;010602L6;2018/12/04;Disponivel
IBMLTO6;010603L6;2018/12/04;Disponivel
IBMLTO6;010604L6;2018/12/04;Disponivel
IBMLTO6;010605L6;2018/12/04;Disponivel
IBMLTO6;010606L6;2018/12/04;Disponivel
IBMLTO6;010607L6;2018/12/04;Disponivel
IBMLTO6;010608L6;2018/12/04;Disponivel
IBMLTO6;010609L6;2018/12/04;Disponivel
IBMLTO6;010610L6;2018/12/04;Disponivel
IBMLTO6;010641L6;2018/12/04;Disponivel
IBMLTO6;010642L6;2018/12/04;Disponivel
IBMLTO6;010643L6;2018/12/04;Disponivel
IBMLTO6;010644L6;2018/12/04;Disponivel
IBMLTO6;010645L6;2018/12/04;Disponivel
IBMLTO6;010646L6;2018/12/04;Disponivel
IBMLTO6;010647L6;2018/12/04;Disponivel
IBMLTO6;010648L6;2018/12/04;Disponivel
IBMLTO6;010649L6;2018/12/04;Disponivel
IBMLTO6;010650L6;2018/12/04;Disponivel
IBMLTO6;010651L6;2018/12/04;Disponivel
IBMLTO6;010652L6;2018/12/04;Disponivel
IBMLTO6;010653L6;2018/12/04;Disponivel
IBMLTO6;010654L6;2018/12/04;Disponivel
IBMLTO6;010655L6;2018/12/04;Disponivel
IBMLTO6;010656L6;2018/12/04;Disponivel
IBMLTO6;010657L6;2018/12/04;Disponivel
IBMLTO6;010658L6;2018/12/04;Disponivel
IBMLTO6;010659L6;2018/12/04;Disponivel
IBMLTO6;010660L6;2018/12/04;Disponivel
IBMLTO6;000220;2018/12/04;Disponivel
IBMLTO6;000221;2018/12/04;Disponivel
IBMLTO6;000222;2018/12/04;Disponivel
IBMLTO6;000223;2018/12/04;Disponivel
IBMLTO6;000224;2018/12/04;Disponivel
IBMLTO6;000225;2018/12/04;Disponivel
IBMLTO6;000226;2018/12/04;Disponivel
IBMLTO6;000227;2018/12/04;Disponivel
IBMLTO6;000228;2018/12/04;Disponivel
IBMLTO6;000229;2018/12/04;Disponivel
IBMLTO6;000230;2018/12/04;Disponivel
IBMLTO6;000231;2018/12/04;Disponivel
IBMLTO6;000232;2018/12/04;Disponivel
IBMLTO6;000233;2018/12/04;Disponivel
IBMLTO6;000234;2018/12/04;Disponivel
IBMLTO6;000235;2018/12/04;Disponivel
IBMLTO6;000236;2018/12/04;Disponivel
IBMLTO6;000237;2018/12/04;Disponivel
IBMLTO6;000238;2018/12/04;Disponivel
IBMLTO6;000239;2018/12/04;Disponivel
IBMLTO6;000240;2018/12/04;Disponivel
IBMLTO6;000241;2018/12/04;Disponivel
IBMLTO6;000242;2018/12/04;Disponivel
IBMLTO6;000243;2018/12/04;Disponivel
IBMLTO6;000244;2018/12/04;Disponivel
IBMLTO6;000245;2018/12/04;Disponivel
IBMLTO6;000246;2018/12/04;Disponivel
IBMLTO6;000247;2018/12/04;Disponivel
IBMLTO6;000248;2018/12/04;Disponivel
IBMLTO6;000249;2018/12/04;Disponivel
IBMLTO6;000250;2018/12/04;Disponivel
IBMLTO6;000251;2018/12/04;Disponivel
IBMLTO6;000252;2018/12/04;Disponivel
IBMLTO6;000253;2018/12/04;Disponivel
IBMLTO6;000254;2018/12/04;Disponivel
IBMLTO6;000255;2018/12/04;Disponivel
IBMLTO6;000256;2018/12/04;Disponivel
IBMLTO6;000257;2018/12/04;Disponivel
IBMLTO6;000258;2018/12/04;Disponivel
IBMLTO6;000259;2018/12/04;Disponivel
IBMLTO6;000260;2018/12/04;Disponivel
IBMLTO6;000261;2018/12/04;Disponivel
IBMLTO6;000262;2018/12/04;Disponivel
IBMLTO6;000263;2018/12/04;Disponivel
IBMLTO6;000264;2018/12/04;Disponivel
IBMLTO6;000265;2018/12/04;Disponivel
IBMLTO6;000266;2018/12/04;Disponivel
IBMLTO6;000267;2018/12/04;Disponivel
IBMLTO6;000268;2018/12/04;Disponivel
IBMLTO6;000269;2018/12/04;Disponivel
IBMLTO6;000270;2018/12/04;Disponivel
IBMLTO6;000271;2018/12/04;Disponivel
IBMLTO6;000272;2018/12/04;Disponivel
IBMLTO6;000273;2018/12/04;Disponivel
IBMLTO6;000274;2018/12/04;Disponivel
IBMLTO6;000275;2018/12/04;Disponivel
IBMLTO6;000276;2018/12/04;Disponivel
IBMLTO6;000277;2018/12/04;Disponivel
IBMLTO6;000278;2018/12/04;Disponivel
IBMLTO6;000279;2018/12/04;Disponivel
IBMLTO6;000280;2018/12/04;Disponivel
